NAME,UMAP 1,UMAP 2,UMAP 3,UMAP 4,UMAP 5,UMAP 6,UMAP 7,UMAP 8,UMAP 9,UMAP 10,SMILES
ligand0,10.347037,8.881187,7.7053714,5.947588,5.8316455,3.4877963,5.8464384,2.9968653,4.539128,4.3681607,CC(=O)CC(=O)C1=CC(=NC=C1)Cl
ligand1,11.046104,10.723111,6.1987667,6.365981,5.6606655,4.315881,5.216892,4.7042785,4.8533344,3.580019,CC(C(=O)CC(=O)C)OC
ligand10,13.7290125,2.300854,5.9779596,4.7224436,1.1409073,5.815715,4.0652623,1.9351251,7.890476,8.463156,C1CCC(=NN=C2C(C(=O)C3=CC=CC=C32)C(=O)C(C4=CC=CC=C4)C5=CC=CC=C5)CC1
ligand100,10.729501,10.1983185,6.924612,6.5723615,5.55052,4.0516376,5.568182,4.2662497,4.55791,3.6035788,CC1=CC(=C(C(=C1)C)C(=O)CC(=O)C2=C(C=C(C=C2C)C)C)C
ligand101,6.9769464,6.03529,4.6122513,4.9423866,5.057804,3.3794985,6.180867,3.4435647,4.1612067,3.168054,C1=CC=NC(=C1)C(=O)CC(=O)C2=CC=CC=N2
ligand102,7.444636,5.1184,4.05622,3.698085,2.7517505,2.9938748,4.043764,3.772944,4.0898595,2.7987297,C1=CC(=CC=C1C(=O)CC(=O)C(F)(F)F)C(F)(F)F
ligand103,10.381492,9.131887,7.8027434,5.968881,5.9005585,3.5193756,6.0052295,2.958431,4.499297,4.412803,CC(=O)CC(=O)C1=CC=C(C=C1)C(F)(F)F
ligand104,6.9025464,4.778479,4.820991,4.9163275,4.849434,3.5421786,5.9526057,2.7645547,5.0393434,3.9147348,C1=CC(=CC=C1C(=O)CC(=O)C(F)F)C(F)(F)F
ligand105,14.97409,2.1399088,6.473182,4.3711653,1.8402915,5.910903,3.0876129,2.0686595,8.63618,7.7166986,CCCCCC(=O)C(C)C(=O)C
ligand106,15.163601,2.5232008,6.399971,4.616434,1.7999166,6.001231,3.4375684,1.7937878,8.566287,7.5944557,CC(=O)C(CCC(=O)OC)C(=O)C
ligand107,10.345546,9.424445,7.459615,6.1697884,5.9079766,3.6105106,5.841636,2.9115207,4.3957667,3.9988136,CC(=O)CC(=O)C1=CN=CC=C1
ligand108,7.127748,4.7534556,4.811088,4.7505064,5.6638823,3.6377568,6.5945354,2.3313487,5.4129496,3.588598,COC(=O)C(=O)CC(=O)C1=CC=C(C=C1)F
ligand109,7.218675,4.488072,4.8416514,4.885859,5.0378876,3.6858578,5.983359,2.3087661,5.363279,3.9607825,CCOC(=O)C(=O)CC(=O)C1=CC=C(C=C1)C(F)(F)F
ligand11,15.07326,2.1335907,6.2424755,4.5503936,1.6171001,5.909269,3.3213112,2.0154262,8.330059,7.673505,CC(=O)C(CC1=CC(=CC=C1)C(F)(F)F)C(=O)C
ligand110,14.782161,2.7035577,6.4170027,4.7921677,1.6969806,5.8967104,3.6565301,1.924322,8.41349,7.835283,CC(=O)C1CN(CCC1=O)C(=O)OC(C)(C)C
ligand111,10.387822,9.205497,7.5953126,6.053847,5.893669,3.5031328,5.785057,2.9416533,4.47682,4.110862,CC(=O)CC(=O)C1=CC=NC=C1
ligand112,7.448681,5.1242633,4.112353,3.7755766,2.7417521,3.0218318,4.000222,3.775903,4.085922,2.8198307,C1=CC(=CC=C1C(=O)CC(=O)C(F)(F)F)[N+](=O)[O-]
ligand113,10.366955,9.616403,7.4026284,6.4281845,5.7925777,3.7389462,5.775964,2.6687698,4.3005896,3.8007052,CC(=O)CC(=O)C1=CC=CO1
ligand114,15.016458,2.2738228,6.570004,4.452392,1.8344539,5.9129167,3.086147,2.1704588,8.565905,7.727312,CCC(=O)C(C)C(=O)CC
ligand115,9.084147,7.058716,6.226491,5.512095,4.608215,3.869376,5.5454407,2.459404,4.685838,4.14017,CCOC(=O)C(=O)CC(=O)CC(C)C
ligand116,11.730753,8.425885,8.601451,8.016623,4.4329395,4.761058,6.5840197,3.8074079,4.6073995,4.5326314,C1=CC(=CN=C1)C(=O)CC(=O)C2=CN=CC=C2
ligand117,11.121908,11.240838,5.9287286,6.468488,5.6125646,4.397099,5.1767855,5.298912,4.8101916,3.4804394,C1CC1C(=O)CC(=O)C2CC2
ligand118,15.096982,2.5849047,6.541061,4.6095757,1.9909798,6.0227737,3.328954,1.7376939,8.661442,7.543562,CC(=O)CCC(C(=O)C)C(=O)C
ligand119,6.3018265,5.631198,4.6123443,4.956244,4.772663,3.2497091,6.1196136,3.646636,4.0555334,3.5050633,COC1=C(C=C(C=C1)C(=O)CC(=O)C(F)F)F
ligand12,8.863525,5.640946,5.7164783,5.0916815,3.0207326,3.7702053,4.706065,2.964561,4.4113164,3.5438664,COC(=O)C(=O)CC(=O)C1=CC(=C(C=C1Cl)Cl)F
ligand120,7.631548,5.648063,4.089037,4.0473332,3.0840714,3.182478,4.2818723,3.4720726,4.005696,2.7052467,C1=CC=NC(=C1)C(=O)CC(=O)C(F)(F)F
ligand121,7.5675774,5.4097004,4.0414925,3.8727674,2.8735392,3.120584,4.16365,3.6226504,4.017463,2.724241,C1=CC(=CC(=C1)C(F)(F)F)C(=O)CC(=O)C(F)(F)F
ligand122,10.415296,9.720975,7.6336637,6.637137,5.8766737,4.1076565,6.51928,3.0676436,4.1904016,4.294515,CC(C)C(=O)CC(=O)C1=CC=C(C=C1)F
ligand123,7.314147,5.2235193,4.0046344,3.8176436,3.1001713,3.143929,4.3984046,3.6111658,4.1460276,2.7747395,C1=CC(=CN=C1)C(=O)CC(=O)C(F)(F)F
ligand124,7.0053415,5.3590426,4.5595202,4.861621,5.83717,3.5788846,6.6603847,2.6071293,4.7940373,3.3453417,CCOC(=O)C(=O)CC(=O)C1=CC=C(C=C1)C
ligand125,6.5054126,5.6367793,4.336938,4.9667172,6.1597443,3.443842,6.9664283,2.8607287,4.319315,3.2894409,COC1=CC=C(C=C1)C(=O)CC(=O)C(=O)OC
ligand126,7.258069,5.707685,3.7621763,3.872713,3.6663785,3.0753245,4.7642994,3.5162165,3.992925,2.5075095,CC1=CC(=CC=C1)C(=O)CC(=O)C(F)(F)F
ligand127,9.814372,8.367558,6.9154167,5.9309764,5.2507334,3.7729096,5.738388,2.7565868,4.5961666,4.2025323,CC(=O)CC(=O)C1=CC=CC=N1
ligand129,12.658132,2.5020506,5.690203,4.6399107,0.48093495,6.0915275,4.5754743,1.4019536,7.021493,8.84394,CC(=O)CC1C(=O)CC(CC1=O)(C)C
ligand13,7.063552,4.2215104,4.701723,4.8832626,4.9338784,3.5999806,5.8453856,2.271906,5.536359,4.053514,CCOC(=O)C(=O)C1CCCC1=O
ligand130,9.334382,7.292025,6.4163575,5.737861,4.6557345,3.9610739,5.634661,2.4686925,4.7338204,4.392241,COC(=O)C(=O)CC(=O)C1=CC=C(C=C1)C#N
ligand131,7.131605,5.1305437,4.658951,4.6175942,5.1938567,3.5627444,6.1105013,2.7043476,4.8631983,3.2900743,COC(=O)C(=O)CC(=O)C1CC1
ligand132,9.200791,7.166735,6.3297534,5.618416,4.7096534,3.8541458,5.62235,2.501556,4.683543,4.243672,CCOC(=O)C(=O)CC(=O)C1=CC=CC=N1
ligand133,7.504107,5.363708,3.963692,3.7834644,2.9996638,3.0404022,4.2359614,3.610764,4.042285,2.6925435,CCCC(=O)CC(=O)C(=O)OCC
ligand134,12.528558,2.3310843,5.294016,4.7150216,0.2613218,6.000226,4.7269096,1.3632656,6.710166,8.99626,C1=CC(=C(C=C1C(=O)CC(=O)C(F)(F)F)Cl)Cl
ligand135,8.73539,5.726509,5.618248,5.228898,3.3223147,3.8071208,4.9367266,2.9310992,4.4055395,3.8050694,C1CCC(=O)C(C1)C(=O)C(F)(F)F
ligand136,9.213372,6.03905,6.0398674,5.750725,3.7178328,4.2748756,5.3684564,2.0452874,4.7799273,4.601264,C1=CC=C(C(=C1)C(=O)CC(=O)C(F)(F)F)Cl
ligand137,11.43653,8.468753,8.363304,7.905721,4.42307,4.7990704,6.2105656,3.945446,4.837719,4.529941,CC(C)CC(=O)CC(=O)C(F)(F)F
ligand138,7.1485863,4.528383,4.8013153,4.51553,5.4780936,3.6604023,6.373261,2.329532,5.355949,3.5215888,C1=CC=C(C=C1)C(=O)CC(=O)C2=CC=C(C=C2)[N+](=O)[O-]
ligand139,12.731126,2.2908134,5.356475,4.820323,0.32904407,5.9750533,4.611298,1.5220976,6.893995,8.919301,COC(=O)C(=O)CC(=O)C1=CN=CC=C1
ligand14,6.882638,5.053482,4.276348,4.2297916,4.597419,3.3551843,5.537006,3.0589826,4.570691,3.0770714,CC(C)(C)OC(=O)N1CCC(C(=O)C1)C(=O)C(F)(F)F
ligand140,15.067221,2.3325596,6.652943,4.5370374,2.187172,5.9803605,2.9580617,1.8655676,8.575441,7.491401,C1=COC(=C1)C(=O)CC(=O)C(F)F
ligand141,10.529314,9.4014435,7.713311,6.1473527,5.9383893,3.5464065,5.889378,3.0749867,4.482452,4.1377196,CC(=O)C(CC#C)C(=O)C
ligand142,15.05139,2.419437,6.5082293,4.472726,1.5088091,5.851787,3.2850518,2.4464464,8.520528,7.8988805,CC(=O)CC(=O)C1=CC(=CC=C1)Cl
ligand143,10.774133,9.649796,7.6918144,6.4888654,5.701794,3.7512693,5.921404,3.231914,4.516122,3.914214,CC(C(=O)C(C)(C)C)C(=O)C(C)(C)C
ligand144,6.6773443,5.237794,4.7112064,4.8446517,4.5419674,3.3615265,5.7763014,3.2835793,4.5191255,3.6754804,CC(=O)CC(=O)C1=CC(=CC=C1)OC
ligand145,11.118611,11.321178,6.3004103,6.685509,5.574942,4.3439097,5.1132016,5.427753,4.768661,3.1852026,C1=CC=C(C=C1)C(=O)CC(=O)C(F)F
ligand146,11.483268,9.046942,8.085537,7.425806,4.9019313,4.509777,6.124076,3.7033632,4.5345993,4.1474257,CC(=O)CC(=O)C1CCC1
ligand147,9.290731,6.035661,5.921541,5.756975,3.618867,4.3519773,5.382189,2.192796,4.821829,4.638932,CCCCCCCCCCCCCCCCCC(=O)CC(=O)C1=CC=CC=C1
ligand148,11.611435,8.862828,8.251669,7.745141,4.649028,4.6933236,6.226908,3.7891028,4.56377,4.242114,C(C(=O)C(F)F)C(=O)C(F)F
ligand149,7.290422,5.7691164,3.8699782,3.9414034,3.445937,3.1229076,4.6024203,3.5493355,3.9786563,2.559974,CC(C)(C)C1=CC=C(C=C1)C(=O)CC(=O)C2=CC=C(C=C2)C(C)(C)C
ligand15,13.311293,2.2825522,6.2285976,4.663598,1.4031681,5.3212404,4.31792,2.4205973,8.446173,9.12689,CC1=CC=CC=C1C(=O)CC(=O)C(F)(F)F
ligand150,6.961618,4.90957,4.3480263,4.2690153,4.96779,3.4547975,5.80371,2.8050506,4.746597,3.1222215,CC1=CC=C(C=C1)SC(C(=O)C2=CC=CC=C2)C(=O)C3=CC=CC=C3
ligand151,15.092205,2.3114367,6.4623837,4.462926,1.5380658,5.8584466,3.2320857,2.385333,8.4823475,7.836876,COC(=O)C(=O)CC(=O)C1=CC=CO1
ligand152,12.645613,2.246049,5.287998,4.7674274,0.24588642,5.916854,4.6064057,1.6026567,6.7991333,8.921305,CCC(=O)C(CC(=O)OCC)C(=O)CC
ligand153,10.664344,9.625302,7.2567863,6.6359916,5.46013,4.0032854,5.7942486,3.553568,4.509537,3.7848623,CC(C(=O)C1=CC=CC=C1)C(=O)C(F)(F)F
ligand154,8.017769,4.9438396,4.405212,3.9734037,2.0672944,3.3984556,3.9264913,3.6926093,4.173536,3.0958245,CC(=O)CC(=O)C1=CC=CC=C1OC
ligand155,7.492866,6.6709204,4.1929917,4.6515536,5.094473,3.3127928,5.9404917,3.4630184,3.9523563,2.4932134,C(C(=O)C(C(C(F)(F)F)(F)F)(F)F)C(=O)C(F)(F)F
ligand156,7.3527465,4.614467,4.82078,4.7665,5.118832,3.699436,6.023742,2.327534,5.248154,3.7890894,COC1=CC=CC=C1C(=O)CC(=O)C(F)(F)F
ligand158,6.3514485,5.624254,4.175369,4.909184,6.2781897,3.3775423,7.060482,2.9956179,4.131371,3.2680454,CCOC(=O)C(=O)CC(=O)C1=CC(=CC=C1)C(F)(F)F
ligand159,8.099425,4.9854856,4.555766,4.1111283,2.080712,3.5317235,4.0011215,3.616706,4.2806087,3.249701,CC1(CC(=O)C(C(=O)C1)C2C3=CC=CC=C3OC4=C2C(=O)CC(C4)(C)C)C
ligand16,10.078848,8.842993,7.246212,6.039376,5.589091,3.6489346,5.757681,2.83961,4.472895,4.1235285,CCOC(=O)C(=O)CC(=O)C1=CC(=C(C=C1)OC)OC
ligand160,6.6880245,5.777162,3.93481,3.9776695,3.7403007,3.2922666,4.7443166,3.6371996,4.116942,2.4511144,C(C(=O)C(C(C(F)(F)F)(F)F)(F)F)C(=O)C(C(C(F)(F)F)(F)F)(F)F
ligand161,7.6105337,5.19491,4.069143,3.7997894,2.6966631,3.1621692,4.130663,3.6627827,4.100851,2.826727,CC(=O)CC(=O)C1=NC=CS1
ligand162,14.997426,1.9787174,6.1547074,4.6575475,1.7359611,5.871493,3.21685,1.8960557,8.127981,7.598672,C1=CSC(=C1)C(=O)CC(=O)C(C(C(F)(F)F)(F)F)(F)F
ligand163,13.78242,2.1575801,6.375651,4.5696483,1.409898,5.6244245,3.9240818,2.3617716,8.561482,8.746623,C1=CN=CC=C1C(=O)CC(=O)C(F)(F)F
ligand164,6.600914,5.9159303,3.7690055,4.5666814,6.050388,3.3403382,6.7423296,3.040181,4.100386,2.7384832,CC(=O)C(C(=O)C)N=NC1=CC=CC=C1
ligand165,7.455669,5.6258993,3.8332105,3.8273587,3.1859934,3.0916479,4.409882,3.5285149,3.9860237,2.56419,C1CC(C(=O)C1)C(=O)C2=CC=CC=C2
ligand166,13.045794,2.3450067,5.585958,4.68157,0.64320755,5.901454,4.6133356,1.6451986,7.2691455,8.779824,CCOC(=O)C(=O)CC(=O)C1=CC=C(C=C1)OCC2=CC=CC=C2
ligand167,10.893151,9.611882,7.684777,6.748826,5.516532,3.9127452,5.905703,3.244944,4.487636,3.8037133,C1=CC(=CC(=C1)Cl)C(=O)CC(=O)C(F)(F)F
ligand169,7.7433057,5.1015344,4.2254047,3.8929026,2.435287,3.2983918,4.0348644,3.6897266,4.1485786,2.9619048,CCOC(=O)C(=O)C1CCC2=CC=CC=C2C1=O
ligand17,11.061977,11.334843,6.495133,6.898346,5.411354,4.131393,5.1240516,5.5121865,4.6105256,3.102434,CC(=O)CC(=O)C1=CC(=C(C=C1)OC)OC
ligand170,11.3540325,11.009478,5.7199235,6.2173443,5.8919206,4.7456174,4.944096,5.136316,5.182101,3.3274007,CCOC(=O)C1CC(=O)CC(=O)C1
ligand171,9.513264,6.4370794,6.087071,5.9846063,3.714201,4.5241017,5.491003,2.0540535,4.956629,4.8869653,CCOC(=O)C(=O)CC(=O)C(F)(F)F
ligand172,10.475988,9.654643,7.290655,6.269335,5.7239614,3.7516148,5.8137136,3.3662806,4.524458,3.9178288,CC(=O)CC(=O)C
ligand173,10.974846,9.615936,7.767532,6.703201,5.5911694,3.8323617,5.8333592,3.2619152,4.502299,3.832522,CC(C)CC(=O)CC(=O)C(C)(C)C
ligand174,8.773175,5.514059,5.7670636,5.1100206,3.1214209,3.7915275,4.7860465,2.9013023,4.4932466,3.6134343,CC(=O)CC(=O)C(F)F
ligand175,14.180958,2.3563616,6.2838244,4.8289266,1.7292641,5.635414,3.9978583,1.951345,8.479275,8.378872,CC1=CC=CC=C1C(=O)CC(=O)C
ligand176,6.020928,5.6108303,4.6242275,5.060721,4.8222547,3.1433222,6.301591,3.8182733,3.840517,3.5809634,CC(=O)CC(=O)C=CC1=CC=CC=C1
ligand177,7.0800185,4.1916265,4.740835,4.934406,4.85957,3.6383464,5.81616,2.2391057,5.576312,4.1194315,CCOC(=O)C(=O)CC(=O)C1=C(C=C(C=C1)Cl)Cl
ligand178,10.960306,8.839156,7.6259437,7.226142,4.8475413,4.4400086,6.0378337,3.6027515,4.5635977,4.006321,CC(=O)C(C(=O)C)SC1=CC=C(C=C1)Cl
ligand179,7.3825426,5.723772,4.8225036,4.967801,5.3898325,3.6209438,6.346106,2.745385,4.770521,3.3492038,C1OC2=C(O1)C=C(C=C2)C(=O)CC(=O)C(F)F
ligand18,11.540684,8.873783,8.068944,7.6454854,4.6443176,4.7472878,6.0765877,3.77959,4.6401415,4.171202,COC(=O)C(=O)CC(=O)C1=CC=C(C=C1)[N+](=O)[O-]
ligand180,7.645764,6.7886033,4.2921376,4.7029877,5.0380306,3.4352458,5.9380136,3.4239838,4.0302334,2.4592905,COC1=CC=CC=C1C(=O)CC(=O)C2=CC=CC=C2OC
ligand181,7.967097,5.0124784,4.3975286,3.9639149,2.1281636,3.4776804,3.8954742,3.6706953,4.2469673,3.1596084,CCOC(=O)C(=O)CC(=O)C1=CC=CC=C1F
ligand182,11.070202,11.027446,6.441593,6.6231537,5.6620455,4.3424354,5.188146,5.0968547,4.781048,3.3171737,CC(C)(C)C1=CC=C(C=C1)C(=O)CC(=O)C2=CC=C(C=C2)OC
ligand183,8.840521,5.588015,5.82142,5.1664414,3.033252,3.8061173,4.7721386,2.8904667,4.4810386,3.5221,C1=CC=C2C(=C1)C=CC=C2C(=O)CC(=O)C(F)(F)F
ligand184,9.534941,6.414179,6.026933,6.1102552,3.5080502,4.6453896,5.516961,1.9816146,4.960082,4.8989534,C(C(=O)C(C(F)(F)F)(F)F)C(=O)C(F)(F)F
ligand185,14.764967,2.7993703,6.789684,4.8053093,2.095152,5.919464,3.3021955,2.0307608,8.486888,7.7539105,CC(=O)CC(=O)C1CCCCC1
ligand186,9.034127,6.057655,6.021344,5.571492,3.7577972,4.1049113,5.2804427,2.2004013,4.792204,4.3462553,COC(=O)C(=O)CC(=O)C1=CC=CC=C1Cl
ligand187,10.485131,9.806469,7.0020247,6.4531975,5.6366796,3.9365554,5.723329,3.6495273,4.466115,3.7099087,C(C(=O)CCl)C(=O)CCl
ligand188,10.997732,10.883113,6.906893,6.856464,5.3966775,4.11444,5.257577,5.059198,4.5588813,3.3210685,C1CC2CCCC(=O)C2C(=O)C1
ligand189,15.101545,2.1996005,6.545978,4.4806066,2.0047956,5.951162,2.9807222,1.9776915,8.535376,7.5586996,CC(C)(C)C(=O)CC(=O)C(C(F)(F)F)(F)F
ligand19,11.710628,8.554659,8.508539,7.976476,4.3824534,4.7842207,6.6217065,3.7304902,4.482757,4.367548,CC(=O)CC(=O)C1=CC=CC=C1Cl
ligand190,15.191875,2.6037455,6.517526,4.6694202,1.9576468,6.072693,3.3623476,1.6155063,8.616818,7.435519,CC(=O)CC(=O)C1CCN(CC1)C(=O)OC(C)(C)C
ligand191,10.466531,9.737034,7.651682,6.5872464,5.857101,4.001146,6.378623,2.9656239,4.2418857,4.15855,CC(=O)C(CC(=O)OC)C(=O)C
ligand192,14.56619,2.1902823,6.1409006,4.6987486,1.725352,5.8015633,3.8969631,1.7061946,8.481902,8.043036,C1=CC=C(C=C1)C(=O)CC(=O)C2=CC=CC=C2
ligand193,11.364954,8.645286,8.155758,7.7676,4.4810004,4.817414,6.0485063,3.8669071,4.7817936,4.338655,CC(=O)C(C(=O)C)C(C)(C)C
ligand194,7.2139487,6.3018656,3.606214,3.9286363,4.337549,3.1532218,5.2039366,3.50001,3.885858,2.110237,C1CC1C(=O)CC(=O)C2=CC=CC=C2
ligand195,9.299139,6.093008,6.041585,6.0453033,3.3076398,4.566865,5.353059,1.8203756,4.9596953,4.705063,CC(=O)C(C1=CC=C(C=C1)[N+](=O)[O-])C(=O)C
ligand196,6.234039,5.7128577,4.5318723,4.920619,4.8379183,3.1890578,6.191594,3.7014678,3.9622633,3.41915,COC1=CC2=C(C=C1)C=C(C=C2)C(=O)CC(=O)C3=CC(=CC(=C3)Cl)Cl
ligand197,11.543795,8.379213,8.59279,7.9559183,4.477171,4.672844,6.4165955,3.923788,4.749137,4.603882,COC1=CC=CC(=C1)C(=O)CC(=O)C(F)(F)F
ligand199,13.747011,2.255321,6.37006,4.7778134,1.5883404,5.3931217,4.2105155,2.277867,8.645065,8.952484,CC(=O)CC(=O)C(C(C(F)(F)F)(F)F)(F)F
ligand2,12.426856,2.4632025,5.6640887,4.685305,0.31208888,6.076144,4.5579195,1.5122409,6.9376793,8.973538,COC1=CC=C(C=C1)C(=O)CC(=O)C(F)F
ligand20,10.443874,9.649146,7.625941,6.2710414,5.9736595,3.6441798,5.9862695,2.8403554,4.3616133,4.015704,C1=CC(=CC=C1C(=O)CC(=O)C2=CC=C(C=C2)[N+](=O)[O-])[N+](=O)[O-]
ligand200,15.164417,2.5542974,6.519475,4.5907845,1.7878561,6.0286555,3.3353302,1.9045818,8.492131,7.578272,COC(=O)C1CC(=O)CC(=O)C1
ligand201,10.897619,10.594502,6.7767744,6.607838,5.563079,4.1228313,5.362575,4.6450233,4.646459,3.4849863,COC1=CC=C(C=C1)C(=O)C2CCCCC2=O
ligand202,8.923222,5.659726,5.885754,5.245002,3.0448802,3.8345096,4.8210106,2.8579423,4.4848695,3.5504017,CC1(CCC(C1=O)C(=O)C(F)(F)F)C
ligand203,10.492304,9.071205,7.8656793,6.0089207,5.9514647,3.4702106,5.914511,3.0565777,4.5210533,4.3659053,CC(=O)CC(=O)C1=CC=CC=C1
ligand204,11.641467,8.395127,8.616927,8.015443,4.4903097,4.673757,6.456652,3.892089,4.6866527,4.5768747,CCCCCC(C(=O)C)C(=O)C
ligand205,7.2280264,4.8503165,4.826457,4.7473297,5.3283453,3.6457179,6.27591,2.4537036,5.1989613,3.568132,CC1=CC(=C(C(=C1)C)C(=O)CC(=O)C)C
ligand206,15.222978,2.696982,6.505432,4.733173,1.8869326,6.1106815,3.4440475,1.5664196,8.5899935,7.403534,CCOC(=O)C(=O)CC(=O)C1=CC=CC=C1Cl
ligand207,9.478087,6.2580304,6.067097,6.092713,3.4193065,4.637137,5.466765,1.8830103,4.9564886,4.8732195,CC(=O)CC(=O)C1=CC=C(C=C1)C#N
ligand208,11.437652,8.555596,8.25976,7.8647785,4.4366918,4.803061,6.1707687,3.8731449,4.7676067,4.4279294,C1=CN=CC=C1C(=O)CC(=O)C2=CC=NC=C2
ligand21,11.297915,10.947622,5.711293,6.222443,5.892069,4.720576,4.9857745,5.0172133,5.200078,3.4672778,CCOC(=O)C(=O)CC(=O)C1=CN=CC=C1
ligand210,11.150286,10.766984,5.92979,6.271362,5.7219505,4.4531856,5.1393414,4.7734733,4.990094,3.6018035,CC(=O)C(C(=O)C)C12CC3CC(C1)CC(C3)C2
ligand211,7.500427,5.1483994,4.0477967,3.7164001,2.7714376,3.0100255,4.090121,3.713992,4.0946493,2.8016663,CC(=O)CC(=O)C(C(F)(F)F)(F)F
ligand212,11.28224,8.491694,8.156787,7.792441,4.3862844,4.81439,6.095168,3.8744204,4.8469896,4.4466014,COC1=CC=C(C=C1)C(=O)CC(=O)C2=CC=C(C=C2)[N+](=O)[O-]
ligand213,6.7708063,6.104763,3.292456,3.8537028,4.9827414,3.192672,5.626448,3.34894,3.9714777,1.9913121,CCOC(=O)CC1C(=O)CCCC1=O
ligand214,7.656269,6.7487545,4.594703,5.0003247,5.2655873,3.4958298,6.1994085,3.3452446,4.151022,2.7726233,CC(C)(C)C(=O)CC(=O)C(C)(C)C
ligand215,7.1234636,4.275359,4.7980247,4.977566,4.9299483,3.668168,5.8752756,2.219392,5.5320354,4.1106524,CC(C)C(=O)CC(=O)COC
ligand216,7.0604606,5.830255,3.4655213,3.754546,4.159627,3.0631785,5.050502,3.432902,3.9743335,2.25007,C1=CC(=CC=C1C#N)C(=O)CC(=O)C(F)(F)F
ligand217,15.090742,2.290927,6.296976,4.558447,1.9220423,5.9450555,3.439454,1.6452249,8.581548,7.5591006,COC1=CC=CC(=C1)C(=O)CC(=O)C2=CC(=CC=C2)OC
ligand218,14.929827,2.3803077,6.5607214,4.8057747,2.1517372,5.933601,3.1286902,1.7647642,8.299173,7.531704,C1=CC=C(C=C1)C2=CC=C(C=C2)C(=O)CC(=O)C(F)(F)F
ligand219,6.1423187,5.675471,4.53224,4.9797144,4.985956,3.2141821,6.333672,3.6558137,3.9435349,3.4761288,CCOC(=O)C(=O)CC(=O)C1=CC=CC=C1OC
ligand22,7.956603,4.9390225,4.3235197,3.8982377,2.0648575,3.44737,3.8466089,3.7529912,4.216422,3.1327198,CCOC(=O)C(=O)CC(=O)C1=CC=C(C=C1)C#N
ligand220,11.313065,10.982419,5.669988,6.1880283,5.8451,4.6745076,5.0451894,5.08829,5.1054683,3.467041,CCC1=CC=C(C=C1)C(=O)CC(=O)C(F)(F)F
ligand221,13.831494,2.2573915,6.38007,4.7344317,1.642819,5.529038,4.0738807,2.2135334,8.610321,8.763414,CC(=O)C(C1=CC=NC=C1)C(=O)C
ligand222,11.149851,10.691959,6.0889206,6.423003,5.7748237,4.4259205,5.2620363,4.673397,4.890267,3.6683981,CC(=O)C(C(=O)C)OC
ligand223,13.171611,2.3349967,5.552851,4.8050227,0.5894488,5.9038024,4.418927,1.7101016,7.311806,8.723527,CSC1=CC=C(C=C1)C(=O)CC(=O)C(F)F
ligand224,11.181292,11.1620245,6.2136936,6.483559,5.653014,4.43356,5.0408993,5.225258,4.9135094,3.2250988,C(C(=O)C(F)(F)F)C(=O)C(F)(F)F
ligand225,9.356022,6.138743,6.0140333,5.90843,3.479355,4.4690967,5.4104013,1.9977981,4.893272,4.7187877,CC(C)(C)C(=O)CC(=O)C1CC1
ligand226,14.947761,2.032289,6.092624,4.619316,1.6814051,5.891948,3.3745134,1.825397,8.211947,7.672553,C1CCC(=O)C(C1)C(=O)C2=CC=C(C=C2)Cl
ligand227,11.140533,11.119037,5.908496,6.38713,5.677088,4.450475,5.19172,5.150999,4.8843174,3.547861,CCOC(C(=O)CC(=O)C)OCC
ligand228,14.499193,2.5468984,6.312524,4.881997,1.7321835,5.7779427,3.8218877,1.8458383,8.353047,8.018431,CCOC(=O)C(=O)C1CCC2=C(C1=O)C=CC(=C2)OC
ligand229,10.684493,9.235868,7.8787675,6.1587753,5.8362412,3.522988,5.8415008,3.2572806,4.5989904,4.2682877,CCC(C)C(=O)CC(=O)C
ligand23,6.8487916,5.4248047,3.9659026,3.93978,3.947708,3.208477,4.956343,3.4790356,4.247469,2.6488142,CC(=O)CC(=O)C(C(C(C(F)(F)F)(F)F)(F)F)(F)F
ligand230,7.2356606,4.5148015,4.5920486,4.576468,5.566304,3.6902244,6.272261,2.2059367,5.2019496,3.6144686,CC(=O)C(CC1=CC=C(C=C1)Cl)C(=O)C
ligand231,13.701051,2.310109,6.33374,4.7784877,1.6425627,5.4194684,4.198925,2.2405636,8.584794,8.88156,CCC(=O)CC(=O)C1CC1
ligand232,12.852524,2.3483613,5.3699784,4.7887635,0.39267173,5.983745,4.579105,1.3637865,6.886654,8.797054,CC1=CC=C(C=C1)SC(C(=O)C)C(=O)C
ligand233,10.591879,9.6203575,7.578824,6.2902226,5.8113866,3.6438222,5.8538013,3.1557298,4.5024867,3.957784,CC(=O)CC(=O)C1=CC(=C(C=C1)Cl)Cl
ligand234,9.247582,6.878975,6.4040318,5.6642947,4.629145,3.8921978,5.637664,2.5175645,4.7189884,4.352822,C1=CSC(=C1)C(=O)CC(=O)C(F)(F)F
ligand236,6.9962835,6.076535,3.2615728,3.7463198,4.7142234,3.1041038,5.408555,3.3076856,3.9128497,1.9952604,COC(=O)C(=O)CC(=O)C1=CC(=CC=C1)Cl
ligand237,6.793408,6.2413993,3.5474985,3.9401333,4.4507127,3.2149606,5.293928,3.697603,3.9644759,1.9767843,COC1=CC(=CC(=C1OC)OC)C(=O)C2CCCCC2=O
ligand238,10.733186,9.684293,7.555738,6.4810047,5.7330585,3.72671,5.7890906,3.3136315,4.477339,3.8245382,CCOC(=O)C(=O)C1CCC(CC1=O)(C)C
ligand239,6.7251906,6.0266542,3.2883575,3.90897,5.1387525,3.188839,5.7844872,3.2716148,3.991866,2.0857012,CC1=NC=C(C=C1)C(=O)CC(=O)C
ligand24,9.545679,6.235818,6.157297,5.9156613,3.6694996,4.5024915,5.331057,1.9974436,5.034109,4.924989,CC(C)C(=O)CC(=O)C(=O)OC
ligand240,7.1241293,6.311078,3.5307992,3.9305868,4.5984654,3.178409,5.388137,3.450255,3.8955197,2.0260513,CC(=O)CC(C1C(=O)C2=CC=CC=C2C1=O)C3=CC=CC=C3
ligand241,9.36801,6.3067183,6.2714047,5.954526,3.6449864,4.365781,5.312411,1.9068512,4.952438,4.6120253,CCOC1=CC=C(C=C1)C(=O)CC(=O)C(F)(F)F
ligand242,11.041115,11.116847,6.895525,7.019229,5.2943754,4.0653143,5.151554,5.3523536,4.4728312,3.1478531,C1=CC=C(C=C1)C=CC(=O)CC(=O)C(F)(F)F
ligand243,8.857523,5.9886622,5.791141,5.401551,3.7973032,3.9257848,5.2878017,2.6079376,4.5982504,4.043424,CC1=C(C=C(C=C1)C(=O)CC(=O)C)C
ligand244,10.427302,9.642156,7.6476245,6.5221777,5.8573465,3.9871414,6.384683,3.0594585,4.284767,4.2569623,C1=COC(=C1)C2=C(C=C(C=C2)C(=O)CC(=O)C(F)(F)F)Cl
ligand245,13.509072,2.1443796,6.2863793,4.536195,1.2685993,5.567816,4.0546727,2.4406145,8.4795885,8.859965,CC(=O)CC(=O)C(F)(F)F
ligand246,9.183098,6.135739,5.9572787,5.8823476,3.3882923,4.4311724,5.3398786,1.999046,4.875108,4.5506086,C1OC2=C(O1)C=C(C=C2)C(=O)CC(=O)C(F)(F)F
ligand247,8.262228,6.352756,5.34232,5.2551064,4.8862605,3.7597291,5.9546456,2.7851965,4.6116967,3.547231,CC(=O)C1COC(=O)C1=O
ligand248,6.6787643,5.4976645,4.5574484,4.663102,4.2793756,3.3065562,5.507092,3.4731264,4.3045373,3.3819525,CCOC(=O)CCC(=O)CC(=O)C
ligand249,6.4065294,5.749858,4.28315,4.975354,6.0985737,3.3774388,6.955959,3.0376737,4.1413574,3.2651308,CCOC(=O)C(=O)CC(=O)C(OC)OC
ligand25,14.917719,2.3806207,6.763578,4.5485697,2.3686976,5.952349,2.8322616,1.9076817,8.490286,7.3979373,CCCCCC(=O)CC(=O)C1=CC=CC=C1
ligand250,7.146094,4.4262905,4.577954,4.6691947,5.438264,3.6600657,6.1547213,2.221293,5.2959404,3.7525458,CC1=CC=C(C=C1)C(=O)C(C)C(=O)C2=CC=C(C=C2)C
ligand251,11.11323,10.946707,6.9425087,6.967458,5.298379,4.1900053,5.2151084,5.2225842,4.5054092,3.276676,CC(=O)CC(=O)C(C(C(C(C(C(F)(F)F)(F)F)(F)F)(F)F)(F)F)(F)F
ligand252,9.488168,6.193762,6.0656595,6.013134,3.5078716,4.5705743,5.43101,1.9327589,4.972161,4.8395743,CCOC(=O)C(=O)CC(=O)C1=C(C=C(C=C1C)C)C
ligand253,6.6308904,5.9613934,4.258277,4.993987,6.1588,3.447471,6.9785676,2.9112144,4.267572,3.0850062,C1=CSC(=C1)C(=O)CC(=O)C(F)F
ligand254,7.087054,5.7733884,3.962495,3.9839025,3.3265052,3.2222025,4.445604,3.5578413,4.0687428,2.6487076,COC(=O)C(=O)CC(=O)C1=CC2=C(C=C1)OCO2
ligand255,7.220149,5.857778,4.634439,5.0336604,5.816493,3.599775,6.67507,2.7392955,4.638232,3.252155,CC(=O)C(C(=O)C)Cl
ligand256,12.7867365,2.3704865,5.417235,4.725844,0.5033747,5.9662642,4.62653,1.3125831,6.910425,8.772299,COC(=O)C(=O)CC(=O)C1=CC(=C(C=C1)Cl)Cl
ligand257,14.1198015,2.2657177,6.207548,4.805506,1.698042,5.6464224,4.043175,1.898611,8.434128,8.39315,CCCCCCC(=O)CC(=O)CCCCCC
ligand258,14.999829,2.4286397,6.1998086,4.750845,1.732662,5.871158,3.6351683,1.7498232,8.427888,7.689591,CC(=O)CC(=O)C(F)(F)Cl
ligand259,7.2635455,6.3794765,3.8178768,4.2024183,4.7104197,3.2419806,5.558004,3.4302125,3.9440315,2.2463381,CCOC1=CC=C(C=C1)C(=O)CC(=O)C(=O)OC
ligand26,14.961813,2.3891253,6.7812037,4.559167,2.2893503,5.95412,2.8955984,1.9482965,8.612926,7.5753427,CC1=CC(=C(C=C1Cl)F)C(=O)CC(=O)C(F)(F)F
ligand260,11.555933,8.849306,8.248964,7.709333,4.627582,4.729448,6.2618,3.7198985,4.524251,4.2017913,CCC1=CC=C(C=C1)C(=O)CC(=O)C(=O)OCC
ligand261,14.072518,2.219164,6.154671,4.779649,1.6443936,5.657974,4.0870066,1.879636,8.40376,8.428665,CCOC(=O)C(=O)C1COCCC1=O
ligand262,6.54684,5.452652,4.616899,4.819889,4.528617,3.2806323,5.8075886,3.4904974,4.2752404,3.522978,CC(=O)C(C(=O)C)SC1=CC=C(C=C1)[N+](=O)[O-]
ligand263,7.191883,4.4815726,4.663649,4.5343194,5.577881,3.6799085,6.3469663,2.2256563,5.306451,3.5674775,CC(=O)C(C(=O)C)SCC1=CC=CC=C1
ligand264,6.9286337,5.6065946,3.997008,4.003412,3.5530775,3.2050452,4.656665,3.5547652,4.137998,2.689452,C1=CC=C2C(=C1)C(=CS2)C(=O)CC(=O)C(F)(F)F
ligand265,11.551351,9.121673,8.113065,7.4768906,4.880872,4.5374126,6.0568004,3.815555,4.587516,4.1446905,CC(C(=O)C)C(=O)C
ligand266,13.71798,2.2091181,6.302945,4.5315003,1.2701105,5.658503,3.9218273,2.417743,8.427958,8.666386,CC1=C(C=C(C=C1)C(=O)CC(=O)C2=CC(=C(C=C2)C)C)C
ligand267,11.051312,10.8777895,6.256464,6.473303,5.7158904,4.3645296,5.289672,4.8629627,4.794462,3.5779507,CC(=O)C(C1=C(C(=O)C2=CC=CC=C2C1=O)Cl)C(=O)C
ligand268,12.470664,2.3598568,5.5627327,4.764506,0.25971988,6.05015,4.5692134,1.5709399,6.890987,9.042715,CC1=CC=C(C=C1)C(=O)CC(=O)C(F)F
ligand269,6.7374825,5.7706776,3.7503543,3.8512242,4.0640907,3.216618,4.9723854,3.6029909,4.117449,2.2880216,COC(=O)C(=O)CC(=O)C1=CC=NC=C1
ligand27,7.245182,5.424502,3.8798664,3.8393443,3.4510865,3.1056206,4.621346,3.5034547,4.090453,2.6442065,C1=CC=C(C=C1)C(=O)CC(=O)C(F)(F)Cl
ligand270,13.435157,2.3990357,6.2327332,4.808289,1.6116823,5.273931,4.2833247,2.279806,8.433538,9.048711,CCCCCCCCCCCCCCCC(=O)CC(=O)C1=CC=CC=C1
ligand271,14.679233,2.429123,6.785577,4.642048,2.2041957,5.879047,3.1226504,2.0357578,8.586923,7.8276134,C1CCCCCC(=O)C(CCCC1)C(=O)C2=CC=CC=C2
ligand272,6.4228816,5.463562,4.0681133,4.638203,5.921407,3.363281,6.667249,2.9347694,4.265951,3.119336,CC(=O)CC(=O)CCC(=O)OC
ligand273,8.700792,6.002856,5.841406,5.2998886,3.9607632,3.974007,5.291958,2.3441515,4.8248677,4.1807814,CC1(C2CCC1(C(=O)C2C(=O)C(C(C(F)(F)F)(F)F)(F)F)C)C
ligand274,14.538347,2.2161176,6.0969048,4.7297525,1.6223392,5.817164,3.814853,1.7616874,8.292429,7.9860005,CC1=CC=C(S1)C(=O)CC(=O)C(F)(F)F
ligand275,7.2974105,5.1698995,3.9638333,3.7531679,3.3794782,3.0126154,4.447162,3.6084647,4.2660604,2.8651745,C1=CC=C(C=C1)C(=O)CC(=O)C(F)(F)F
ligand276,6.6388497,6.065177,3.84926,4.2051587,4.2867165,3.2151115,5.351517,3.8115146,3.988132,2.387759,CC(=O)C(C1C2=CC=CC=C2OC3=CC=CC=C13)C(=O)C4=CC=CC=C4
ligand277,14.891977,2.221712,6.3510804,4.460146,1.4093773,5.8223815,3.376682,2.4019887,8.443128,7.994157,CC1=CC(=O)C(CC1)C(=O)C
ligand278,7.757264,6.8705735,4.5722046,4.9972415,5.2581387,3.5132432,6.1670675,3.3824818,4.120718,2.6787262,COC(=O)C(=O)CC(=O)C=CC1=CC=CC=C1
ligand279,6.2769217,5.508514,4.1266956,4.7906923,6.211057,3.3728776,6.9390516,2.882798,4.220857,3.2380593,C1C2CC3CC1CC(C2)(C3)C(=O)CC(=O)C(F)(F)F
ligand28,9.112931,5.97991,5.9908943,5.583027,3.6886983,4.0959415,5.2514853,2.318483,4.689378,4.33824,CC(=O)C(CN1C(=O)C2=CC=CC=C2C1=O)C(=O)C
ligand280,8.459335,5.4581122,5.6643853,5.0137897,3.5178652,3.8263283,4.988154,2.6712224,4.699041,3.6631017,COC(=O)C(=O)C(C(=O)C1=CC=CC=C1)Br
ligand281,6.9395833,5.8374753,3.9883547,4.0848985,3.4935539,3.2565455,4.604979,3.5756252,4.0569324,2.6213338,C1=CC=C2C(=C1)C3C(C2=O)C(=O)C4=CC=CC=C34
ligand282,8.319198,5.649788,5.5537734,5.0021963,3.9143806,3.8272116,5.2111893,2.5314143,4.785306,3.7901964,COC(=O)CC1C(=O)CCCCCCCCCCCC1=O
ligand283,6.8180976,5.609121,3.8294492,3.8514194,3.8728502,3.187051,4.8168063,3.5762625,4.163278,2.4677603,COC1=CC(=C(C=C1)OC)C(=O)CC(=O)C(=O)OC
ligand284,7.4880714,6.681535,4.0908837,4.5339108,5.0143166,3.3307455,5.8550396,3.4471154,3.942994,2.3582091,COC(=O)C(=O)CC(=O)C1=CC=C(C=C1)SC
ligand285,12.651008,2.556987,5.7347403,4.5738683,0.49390963,6.1074886,4.5893164,1.3735666,7.043844,8.823274,CC(C)(C)C(=O)CC(=O)C(F)(F)F
ligand286,6.595718,5.920775,3.7597456,4.5639052,6.0674105,3.3537092,6.7428484,2.9947133,4.1459723,2.7127132,COC(=O)C(=O)CC(=O)C1=C(C=C(C=C1)Cl)Cl
ligand287,10.138652,8.678626,7.4688053,5.920112,5.6510267,3.5698125,5.835291,2.8893397,4.5448594,4.344545,C1=CC=C(C=C1)C(=O)CC(=O)C(F)(F)Br
ligand288,11.156245,11.228253,6.040026,6.5254397,5.7658734,4.5203443,5.2590733,5.2556953,4.8500495,3.4707105,COC(=O)C(=O)CC(=O)C1=C(C=CC=C1F)F
ligand289,6.5645247,5.107269,4.1519628,4.496805,5.6998444,3.415955,6.4220386,2.7971292,4.484374,3.1903188,C1=C(SC(=C1)Cl)C(=O)CC(=O)C(F)(F)F
ligand29,11.044948,11.313963,6.624887,7.0002203,5.306455,4.136788,5.060289,5.543025,4.5157866,2.998561,COC1=CC(=C(C=C1)OC)C(=O)CC(=O)C(F)(F)F
ligand290,6.541213,5.557049,4.42445,4.6567335,4.391329,3.175223,5.6697054,3.6107824,4.1058817,3.3010156,COC(=O)C(=O)C1CCCC1=O
ligand292,7.3291416,6.4309177,4.637052,5.0137753,5.1930647,3.4463682,6.2281756,3.4026632,4.1551375,2.9923458,CCOC(=O)C(=O)CC(=O)C1=CC=C(C=C1)OC2=CC=C(C=C2)Cl
ligand293,14.060534,2.2338963,6.109179,4.792562,1.6218158,5.7141147,3.9666772,1.8426512,8.199497,8.236853,CC(=O)CC(=O)C1=C(C=C(C=N1)C(F)(F)F)Cl
ligand294,13.204321,2.2760167,6.164542,4.625302,1.337898,5.3557315,4.322675,2.4034119,8.310266,9.039133,CCCC(=O)CC(=O)C1CC1
ligand295,7.877204,6.3780847,5.0006704,5.144744,5.269379,3.655918,6.209841,2.8766901,4.5515957,3.2883341,COC(=O)C(=O)CC(=O)C1=CC2=CC=CC=C2O1
ligand297,12.835645,2.2904792,6.114877,4.396483,1.1309713,5.635721,4.0287333,2.4871004,7.9541254,8.48004,CCC(=O)CC(=O)CC
ligand298,-5.826057,2.114283,3.6096928,4.7019367,6.2859235,8.62702,6.0943165,4.845063,10.813618,1.7830225,CC1=C(C=NN1C)C(=O)CC(=O)C(F)F
ligand299,-5.8052573,2.065594,3.6048336,4.660998,6.229134,8.672723,6.0489063,4.8009768,10.787978,1.8042314,CC1(CC(=O)C(C1=O)C2(CC(C(=O)O2)(C)C)C)C
ligand3,6.8736963,5.741627,3.8690808,4.0465236,4.1782107,3.1412952,5.189109,3.5730617,4.082466,2.5415692,CC1=NC(=CC=C1)C(=O)CC(=O)C2=CC=CC(=N2)C
ligand30,9.448245,7.5017686,6.569338,5.763127,4.8097806,3.8908858,5.623545,2.4923837,4.690686,4.302533,CC(=O)CN1C(C(=O)C2=CC=CC=C2S1(=O)=O)C(=O)C
ligand300,-5.829432,2.0659132,3.4954762,4.6656194,6.215896,8.669127,6.048025,4.8584824,10.875004,1.670739,C1=CC=C(C=C1)C(=O)C(C(=O)C2=CC=CC=C2)SC3=CC=CC=C3[N+](=O)[O-]
ligand301,-5.6249356,1.9583509,3.7345638,4.5624876,6.1174965,8.777325,5.9458714,4.806525,10.676722,1.9426392,CCOC(=O)C(=O)CC(=O)C1=C(C=CC(=C1)C)C
ligand302,-5.725353,2.07949,3.5970051,4.6619596,6.2499604,8.66272,6.0553417,4.8219585,10.796817,1.7712572,CCCCC1=CC=C(C=C1)C(=O)CCC2C(=O)C3=CC=CC=C3C2=O
ligand303,-5.505667,1.9849675,3.7168634,4.569811,6.1542873,8.756482,5.961915,4.6983714,10.573971,1.9114672,C1=CSC(=C1)C(=O)C(C(=O)C2=CC=CS2)Br
ligand304,-5.71337,1.9318556,3.4282486,4.483199,6.1228323,8.819387,5.8906074,4.658565,11.000568,1.6546682,C(=O)C(C=O)Br
ligand305,-5.5202456,2.0053892,3.5960243,4.614901,6.12009,8.722889,5.983757,4.8096275,10.66222,2.0280144,C(=O)C(C=O)Cl
ligand306,-5.6779323,2.0975268,3.622071,4.663593,6.2739196,8.649802,6.0645156,4.836281,10.7791395,1.7615886,CC1=CC=C(O1)C(=O)CC(=O)C(F)(F)F
ligand307,-5.6320267,2.0753937,3.498568,4.6193705,6.271924,8.678995,6.0306296,4.858527,10.978176,1.6484959,CCOC(=O)C(=O)CC(=O)C
ligand308,-5.7062674,2.0221457,3.5836904,4.5771384,6.212527,8.7292795,5.980415,4.682347,10.6624365,1.7397138,C1=CN=CN=C1C(C=O)C=O
ligand309,-5.553528,1.9423143,3.6381383,4.517433,6.117659,8.801971,5.913882,4.665404,10.701469,1.8545896,C1=CC=C(C=C1)C(C=O)C=O
ligand31,14.870242,2.6030495,6.8438187,4.710653,2.282908,5.9383745,3.0292614,1.9895968,8.544845,7.6391726,C1=CN=CC=C1C(C=O)C=O
ligand310,-5.5777516,1.9935927,3.7115471,4.587653,6.1562347,8.74491,5.975424,4.6878057,10.589837,1.9185884,COC1=CC=C(C=C1)C(C=O)C=O
ligand311,-5.457158,1.8617378,3.6579561,4.429661,6.043068,8.884824,5.8298187,4.5989165,10.663016,1.8818235,CS(=O)(=O)C1=CC(=C(C=C1)C(C=O)C=O)[N+](=O)[O-]
ligand312,11.119999,11.06608,6.2288346,6.445241,5.6218348,4.3757644,5.0546556,5.1169024,4.8805146,3.284384,C1=CC(=CC=C1C(C=O)C=O)F
ligand313,9.470263,7.613341,6.5764074,5.7806325,4.851661,3.887112,5.6571283,2.5434215,4.687494,4.3192177,C1=CN=C(C=N1)C(C=O)C=O
ligand314,11.099388,11.342373,6.1791377,6.5698886,5.7151732,4.483091,5.1218443,5.3912964,4.877527,3.2277584,C1=CC(=CC=C1C(C=O)C=O)[N+](=O)[O-]
ligand315,9.3821,6.6001787,6.136466,5.84769,4.0147614,4.323201,5.5188355,2.19404,4.890806,4.753091,C1=CC=C2C(=C1)N=C(O2)C(C=O)C=O
ligand316,9.842152,8.3635645,7.02558,5.904894,5.3336577,3.7111902,5.7392426,2.7548163,4.5705857,4.2342677,C1=CC=C2C(=C1)C=CC(=N2)C(C=O)C=O
ligand317,10.326739,9.642962,7.387984,6.334472,5.86585,3.6641304,5.7487674,2.677828,4.3090415,3.8560944,CC(=O)C1CCCCC1=O
ligand318,10.438336,9.727192,7.4813576,6.4601626,5.8032928,3.7625647,5.8936367,2.7362719,4.325716,3.823265,COC1=CC=CC(=C1)C(C=O)C=O
ligand319,15.248741,2.334715,6.4103255,4.532542,1.9387246,6.022386,3.2068605,1.7341356,8.599816,7.4582653,C1=CC=C(C=C1)C2=CC=C(C=C2)C(C=O)C=O
ligand32,6.914764,5.183578,4.088188,4.0049343,4.2468777,3.2820458,5.1945667,3.2434728,4.4367914,2.8190393,CC(=O)CC(=O)C1(C)CC1
ligand320,14.647831,2.9168658,6.812276,4.8918285,2.1739578,5.854364,3.3470283,2.0978599,8.426896,7.7886405,CC(=O)CC(=O)c1ccon1
ligand321,9.277903,6.73278,6.155056,5.779289,4.181457,4.2039046,5.555816,2.2950127,4.8339505,4.638172,CC(=O)CC(=O)C1CCCC1
ligand322,13.82344,2.1322863,6.3763123,4.509524,1.3641689,5.641501,3.8552618,2.457509,8.557958,8.683997,FC(F)C(=O)CC(=O)C1CC1
ligand323,10.525661,9.795469,7.4725113,6.363313,5.7843494,3.723641,5.926289,3.130298,4.46646,3.8606937,CC(=O)CC(=O)c1ncccn1
ligand324,10.028694,8.817349,7.056727,6.0399914,5.4276404,3.747083,5.761591,2.919394,4.5626264,4.1046042,CC(=O)CC(=O)c1cnn(C)c1
ligand325,10.486869,9.620827,7.2406898,6.3959117,5.646775,3.8318555,5.767386,3.339189,4.47905,3.8442132,CC(=O)CC(=O)c1ccsc1
ligand326,11.235878,11.177985,5.858751,6.3698797,5.8743076,4.6885896,5.121427,5.232675,5.03633,3.4384873,CC(=O)C(CC1CCC1)C(C)=O
ligand327,10.73162,9.712421,7.5221577,6.7204733,5.5765657,3.872376,5.780291,2.9823668,4.3962264,3.6684823,C1=COC(=C1)C(=O)CC(=O)C(F)(F)F
ligand328,11.233038,11.077024,6.0126395,6.425008,5.834308,4.622911,5.0855045,5.1515503,5.0024953,3.3690279,O=C1CSC2CCCC(=O)C12
ligand329,9.592575,5.9776883,6.116949,5.9428806,3.4920714,4.5519013,5.307169,1.8816007,5.0966115,4.897019,CC1(CC1)C(=O)CC(=O)C(F)F
ligand33,14.9368925,2.4478528,6.8621063,4.630858,2.3207793,5.928096,2.8880844,2.0291228,8.589045,7.6251087,CC(C(C)=O)C(=O)c1ccccc1
ligand330,9.200189,6.013529,5.964067,5.6736803,3.7104604,4.160216,5.3493876,2.3629436,4.635833,4.4280486,CC(=O)CC(=O)c1cccc(C)c1
ligand331,13.700191,2.258129,6.497436,4.607287,1.5150388,5.534151,3.9291372,2.393631,8.673586,8.724909,CC(=O)CC(=O)c1cccc(C)n1
ligand332,10.452051,9.76304,7.2487226,6.38216,5.7954106,3.7407541,5.7635937,3.350631,4.388913,3.7215703,CC(=O)CC(=O)c1ccccc1F
ligand333,11.277356,10.987789,5.6047964,6.1563635,5.979508,4.8338737,4.9620857,5.021482,5.2438717,3.4598398,O=C(CC(=O)C1CCC1)C1CCC1
ligand334,6.6579514,5.4339085,4.4315877,4.573638,4.223262,3.202783,5.488919,3.5390995,4.224418,3.3517666,CC(=O)CC(=O)c1ccc(C)s1
ligand335,6.745294,5.3807693,4.3149953,4.440031,4.156277,3.159467,5.390721,3.4874356,4.2222185,3.250426,CCC(=O)CC(=O)C1CCCCC1
ligand336,7.112978,4.9401155,4.6583056,4.514041,5.241152,3.562929,6.1538363,2.6314542,5.0070157,3.2851036,CC(=O)C(Cl)C(=O)C(F)(F)F
ligand337,12.517045,2.2906966,5.3403406,4.7910113,0.21927889,5.994079,4.643213,1.507761,6.7298465,9.017563,CC(=O)C1CCCC1=O
ligand338,9.196065,6.1669426,6.2418885,5.731335,3.8462422,4.1185985,5.3142576,2.076187,4.8133397,4.4118676,FC(F)(F)C(=O)CC(=O)C1CCC1
ligand339,6.915388,4.9241486,4.3730183,4.353046,5.2351184,3.5062668,6.0054526,2.7327724,4.7027707,3.1905582,CCC(=O)C(C)C(=O)c1cnn(C)c1
ligand34,11.255648,11.102225,5.8064756,6.301289,5.8806167,4.70828,5.0502505,5.1720204,5.091446,3.4182186,CC(=O)CC(=O)c1ccc(F)cc1F
ligand341,14.588022,2.4891448,6.27763,4.881317,1.7933824,5.802682,3.753691,1.7588656,8.325678,7.9077353,CCC(C)(C)C(=O)CC(=O)C(C)(C)C
ligand342,14.779832,2.5018349,6.566768,4.54843,1.5702628,5.890776,3.4268465,2.3312292,8.54313,7.990099,Cn1cc(cn1)C(=O)CC(=O)C(F)F
ligand343,6.991497,4.8841634,4.489931,4.3942695,5.131781,3.5307307,5.954007,2.7195883,4.7737308,3.2541242,Cn1ccc(n1)C(=O)CC(=O)C(F)F
ligand344,14.7489195,2.6052742,6.5372415,4.7455134,1.8363903,5.9407134,3.5041347,1.9134897,8.461381,7.813182,COC(=O)C(=O)CC(=O)c1ccccn1
ligand345,11.232171,11.0452385,5.707847,6.2429256,5.9749956,4.814319,4.9798436,5.074353,5.222256,3.4564078,FC(F)(F)C(=O)C1CCCCCC1=O
ligand346,9.379605,6.2274294,6.1021414,5.940006,3.5658464,4.4480925,5.3596354,1.9938425,4.861907,4.787749,FC(F)(F)C(=O)CC(=O)C1CCCC1
ligand347,6.768206,5.893198,4.574599,4.8928933,4.867177,3.3099303,6.0727053,3.5352867,4.121354,3.2502198,COC(=O)C(=O)CC(=O)c1cccn1C
ligand348,6.6421256,5.493959,4.248938,4.5132136,4.261425,3.0879405,5.552749,3.6831317,4.106353,3.2658505,CC(C)C(=O)CC(=O)C(C)C
ligand349,14.919017,2.1393476,6.0843415,4.665604,1.6204475,5.9162827,3.4795868,1.7733599,8.202778,7.657764,COC(=O)C1CC(=O)C(CC=C)C(=O)C1
ligand35,8.918721,6.1218224,5.9893284,5.4676785,3.939211,4.03442,5.3380857,2.224729,4.8289623,4.3251696,CC(=O)C(Sc1ncccn1)C(C)=O
ligand350,6.8745623,5.41763,4.0571036,4.1253395,3.9416707,3.126094,5.080801,3.4987674,4.188099,2.895001,CC(C)C1CCC(=O)C(C1)C(=O)C(C)C
ligand351,6.889151,5.4368367,4.0829506,4.2415195,3.9132848,3.0439768,5.1180515,3.501736,4.132865,3.0199814,COC(=O)C(=O)CC(=O)c1cccs1
ligand352,7.8079915,6.2273126,5.0436172,5.161909,5.385285,3.7095227,6.3216085,2.7083533,4.7447686,3.3661134,CCOC(=O)C1CCC(=O)C(C1)C(C)=O
ligand353,7.2214108,5.561131,4.674225,4.9361963,5.81365,3.6317997,6.6686397,2.5794263,4.878081,3.301174,CCC(CC)C(=O)CC(=O)C(CC)CC
ligand354,7.022198,5.2988706,4.0031486,3.929364,3.8388631,3.1784096,4.8989034,3.4107873,4.2686195,2.7542887,CC(=O)CC(=O)C(F)(F)Br
ligand355,9.162496,6.1701956,6.0885024,5.658884,3.8606021,4.045825,5.384499,2.323873,4.6654387,4.3119755,O=C(CC(=O)c1ccccn1)c1ccco1
ligand356,6.8651867,5.807294,4.645406,4.89636,4.9621787,3.3761418,6.113461,3.3972332,4.246724,3.2825513,Cc1nn(C)cc1C(=O)CC(=O)C(F)F
ligand357,9.009571,6.1153116,5.9252796,5.536155,3.953061,4.0264015,5.42065,2.423863,4.6729035,4.274342,CC(=O)C(C\C=C\c1ccccc1)C(C)=O
ligand358,7.531872,5.932087,4.8794193,5.075023,5.4839377,3.665773,6.440766,2.71086,4.778401,3.3268156,CC(C)(C)C(=O)CC(=O)C(C(C(F)(F)F)(F)F)(F)F
ligand359,7.168913,4.5779896,4.6479917,4.600798,5.560194,3.649093,6.3734407,2.2817445,5.2548847,3.5560331,Cn1cc(cn1)C(=O)CC(=O)C(F)(F)F
ligand36,11.084927,11.361804,6.566644,6.9283137,5.3529706,4.1697774,5.0499525,5.5727143,4.5772166,3.0284266,Cn1ccc(n1)C(=O)CC(=O)C(F)(F)F
ligand360,6.8490195,4.962464,4.270332,4.3115435,5.2177362,3.4583142,5.991113,2.7774396,4.6691523,3.1045008,COC(=O)C(=O)CC(=O)c1ccccc1C
ligand361,6.701445,5.6844044,4.34081,4.621435,4.6622214,3.2304442,5.8009205,3.449833,4.1408834,3.1073437,COC(=O)C(=O)CC(=O)c1cccc(C)c1
ligand362,6.3582916,5.6062174,4.6176085,4.9264035,4.7100906,3.2455153,6.049439,3.6233306,4.096393,3.5023668,FC(F)(F)C(=O)CC(=O)c1ccsc1
ligand363,7.0471764,5.0092316,4.5186176,4.492479,5.157419,3.522157,6.0141335,2.7016978,4.8214,3.257019,FC(F)(F)C(=O)CC(=O)C1CCCCC1
ligand364,14.860216,2.1012752,6.255734,4.7784557,1.8813822,5.8582926,3.2450304,1.8247323,8.108886,7.6239595,COC(OC)C(=O)CC(=O)c1ccccn1
ligand365,6.972887,5.3856483,4.628992,4.686253,4.983185,3.4535153,6.0137987,3.0672758,4.558521,3.2896805,FC(F)(F)C(=O)CC(=O)C1CCOCC1
ligand366,6.581145,5.6616697,4.356245,4.6401105,4.419812,3.1646404,5.696818,3.6724975,4.0624185,3.2194707,COC(=O)C(=O)CC(=O)c1ccccc1F
ligand367,6.481484,5.598741,4.437758,4.7129297,4.5117927,3.1831973,5.7904496,3.6176853,4.077112,3.3037503,COC(=O)C(=O)CC(=O)c1cccc(F)c1
ligand368,10.585119,9.197426,7.8293047,6.11255,5.9036646,3.553411,5.9428453,3.151684,4.5166845,4.3158154,CCC(=O)CC(=O)C
ligand369,10.70833,10.0489,6.9691586,6.4205527,5.611246,3.9588993,5.578898,3.948517,4.6118703,3.7465396,CCOC(=O)C(=O)CC(=O)c1ccc(C)o1
ligand37,11.175955,11.093591,6.1886196,6.411449,5.664567,4.475789,4.9275413,5.164771,4.9833546,3.1565306,COC(=O)C(=O)CC(=O)c1cnn(C)c1C
ligand370,7.3486514,5.553075,3.9107301,3.8928506,3.1456776,3.1706023,4.398411,3.542325,3.9690917,2.5892274,Cc1ccc(cc1C)C(=O)CC(=O)C(F)F
ligand371,6.825632,5.5942965,4.035067,4.2412014,4.0924053,3.0856032,5.2609673,3.570807,4.0732794,2.8981693,CCOC(=O)C(=O)CC(=O)c1cccs1
ligand372,12.933222,2.4727643,5.497497,4.637768,0.53603965,6.0105376,4.563922,1.3575976,7.024925,8.707159,CC(=O)C(Oc1ccc(Cl)cc1)C(C)=O
ligand373,7.6370306,6.19372,4.881617,5.1372175,5.534595,3.6596582,6.445137,2.79433,4.618342,3.2661738,COC(OC)C(=O)CC(=O)c1nccs1
ligand374,7.1009846,5.6106577,4.5580564,4.942181,5.9300756,3.6007195,6.750551,2.621067,4.747318,3.2596533,CCn1cc(C(=O)CC(=O)C(F)F)c(C)n1
ligand375,7.189694,5.614813,4.6575193,4.9746246,5.7741227,3.613044,6.6377954,2.6392424,4.787627,3.3216295,CCn1ncc(C(=O)CC(=O)C(F)F)c1C
ligand376,7.8518443,6.3126116,5.065676,5.2079206,5.3352375,3.7401767,6.3474984,2.7973979,4.707697,3.2804666,CC(=O)CC(=O)c1cc(Cl)cc(Cl)c1
ligand377,6.6763835,5.320246,4.3645296,4.810623,6.0137854,3.4981236,6.778604,2.7203603,4.5357394,3.3388555,CC(=O)CC(=O)Cc1nc2ccccc2s1
ligand378,7.5611916,6.631136,4.6083446,4.9920406,5.2803197,3.4850245,6.2472477,3.2818737,4.209699,2.866577,CC(=O)CC(=O)C(C)(C)C
ligand379,11.072107,9.422107,7.9049625,6.6304336,5.597178,3.7984622,5.83422,3.4592245,4.582376,4.0371304,Fc1cccc(c1)C(=O)CC(=O)C(F)(F)F
ligand38,7.1480436,5.6909556,3.688852,3.8367774,3.860425,3.0552092,4.8828244,3.4980063,4.0236826,2.4762812,Cc1nn(C)cc1C(=O)CC(=O)C(F)(F)F
ligand380,7.513074,5.3323884,4.027348,3.809706,2.8319442,3.0775688,4.1203914,3.6654432,4.027587,2.7318592,CCOC(=O)C(=O)C1CC(F)(F)CCC1=O
ligand381,7.5829654,5.850691,4.943002,5.0809207,5.393001,3.6882598,6.3618875,2.6644258,4.844888,3.3955953,COC(=O)C(=O)CC(=O)c1ccc(C)cc1C
ligand382,6.7857885,6.1769757,3.5899534,3.9587286,4.4455104,3.2364047,5.2702904,3.6986816,4.00521,1.995134,CCc1ccc(cc1)C(=O)CC(=O)C(=O)OC
ligand383,10.53196,9.268016,7.873442,6.2110715,5.881992,3.6586056,6.115388,3.0954792,4.4721646,4.378646,CCOC(=O)C(=O)CC(=O)c1cccc(C)c1
ligand384,7.1282973,5.9683313,3.8422105,4.032574,3.8073723,3.1415563,4.875452,3.5813465,3.9734263,2.4980233,CCOC(=O)C(=O)CC(=O)c1ccccc1C
ligand385,6.9354763,4.7884746,4.413683,4.451666,5.3598585,3.534895,6.1161814,2.591198,4.843246,3.3467648,COC(=O)C(=O)CC(=O)c1cccc(OC)c1
ligand386,7.0523124,5.954034,3.571597,3.8655047,4.173228,3.0946057,5.095732,3.5293443,3.9667692,2.2603183,COC(=O)C(=O)CC(=O)c1ccccc1OC
ligand388,6.85707,5.740818,3.9129004,4.182169,4.163141,3.0771594,5.2841544,3.596969,4.009415,2.735028,CC(=O)CC(=O)c1ccc(cc1)-c1ccccc1
ligand389,12.463038,2.3395574,5.486715,4.7735734,0.23011422,6.0328126,4.599414,1.5371194,6.827219,9.028039,CC1=CC=C(C=C1)C(=O)CC(=O)C(F)(F)F
ligand39,11.636434,8.826791,8.201302,7.755127,4.606648,4.752325,6.2525864,3.6912234,4.5179486,4.1802807,FC(F)(F)C(=O)CC(=O)c1cccc(c1)C#N
ligand390,7.719967,6.4192433,4.8850055,5.1416388,5.4079485,3.6437755,6.3598595,2.9537961,4.5176544,3.1437438,COC(=O)C(=O)CC(=O)c1cc(F)ccc1F
ligand391,6.8901534,5.7032228,4.4555793,4.9487233,5.892007,3.5102873,6.7305803,2.8364887,4.4861665,3.2436152,FC(F)(F)C(=O)CC(=O)C=Cc1ccccc1
ligand392,6.6386223,5.554276,4.354861,4.890678,5.989321,3.453116,6.7958903,2.8859704,4.357488,3.2979548,CCC(=O)CC(=O)c1ccc(cc1)C(F)(F)F
ligand393,7.490912,5.219089,3.9662218,3.702252,2.9037664,2.9936128,4.1957026,3.6631038,4.092368,2.7447915,Cc1ccc(C(=O)CC(=O)C(F)(F)F)c(C)c1
ligand394,7.676525,5.615041,4.086478,4.008079,2.9992537,3.121912,4.166947,3.5394135,3.9743073,2.694801,COC(=O)C(=O)CC(=O)c1ccc(Cl)s1
ligand395,6.9490986,5.7758055,4.023284,4.065639,3.4206758,3.293694,4.5374055,3.5495853,4.1040735,2.6604683,COc1ccc(cn1)C(=O)CC(=O)C(F)(F)F
ligand396,10.435457,9.7908325,6.9274545,6.497815,5.5810857,4.0495152,5.846861,3.826815,4.459102,3.738632,O=C(OCc1ccccc1)N1CC(=O)CC(=O)C1
ligand397,11.544642,8.675322,8.258826,7.827833,4.4917912,4.764919,6.361816,3.6748202,4.5037503,4.2363896,CCn1cc(C(=O)CC(=O)C(F)(F)F)c(C)n1
ligand398,7.112951,6.1153,4.60228,5.0733685,5.689499,3.5147505,6.6168365,3.024407,4.356712,3.1819546,CC1(C)C2CCC1(C)C(=O)C2C(=O)C(F)(F)F
ligand399,6.102048,5.6924944,4.5050573,4.9797583,5.0170417,3.2024982,6.3630505,3.6660202,3.9152598,3.4681585,COC1=CC=C(C=C1)C(=O)CC(=O)C2=CC=C(C=C2)OC
ligand4,7.1260204,6.1880565,3.8583286,4.225743,4.682091,3.204519,5.575575,3.4198139,3.962389,2.3954039,CCOC(=O)C(=O)CC(=O)c1ccc(C)cc1C
ligand40,7.1504226,4.9975324,4.76382,4.7827563,5.6035256,3.6248071,6.511831,2.463246,5.1742496,3.4712017,CCOC(=O)C(=O)CC(=O)c1ccc(C)c(C)c1
ligand400,7.0180345,5.8451552,3.3616867,3.7169852,4.3150654,3.0654252,5.142758,3.3753366,3.9679418,2.182731,CCOC(=O)C(=O)CC(=O)c1cccc(OC)c1
ligand401,7.0734835,6.208417,3.2652674,3.7460284,4.7712026,3.172912,5.465055,3.2832408,3.846973,1.8898151,FC(F)(F)C(=O)CC(=O)c1ccc(Cl)nc1
ligand402,10.821995,9.707821,7.4380984,6.389059,5.6769004,3.775358,5.664601,3.7207596,4.609967,3.9507754,FC(F)(F)C(=O)CC(=O)c1ccc(Cl)cn1
ligand403,7.17676,6.398204,3.6003437,3.957217,4.3653154,3.147662,5.222788,3.5748658,3.8123186,2.050918,Fc1ccc(C(=O)CC(=O)C(F)(F)F)c(F)c1
ligand404,6.9386687,5.7647734,4.358622,4.893771,6.021761,3.535163,6.8096437,2.7309916,4.554634,3.124779,Cc1ccccc1C(=O)CC(=O)c1ccccc1C
ligand405,11.739021,8.63332,8.366695,7.9594097,4.4563346,4.8820877,6.4372745,3.707172,4.526337,4.3098235,Cc1ccc(cc1)C(=O)CC(=O)c1ccc(C)cc1
ligand406,6.982691,6.052152,3.4327247,3.829015,4.5097375,3.1253688,5.3062935,3.4316664,3.9364045,2.0956492,COC(=O)C(=O)CC(=O)c1ccc(OC)cc1F
ligand407,6.3460574,5.827247,4.2066374,5.0012455,6.2386436,3.369272,7.0615335,3.0016487,4.104567,3.1880796,COc1ccc(cc1OC)C(=O)CC(=O)C(F)F
ligand408,6.39086,5.6836247,4.2204924,4.903618,6.061921,3.3567379,6.923523,3.115479,4.088288,3.259404,CC1=CC(=C(O1)C)C(=O)CC(=O)C(F)(F)F
ligand409,7.637346,6.8367457,4.591163,5.05532,5.3361044,3.420543,6.2232485,3.4223468,4.0646157,2.7897353,CCOC(=O)C(=O)CC(=O)C1=CC=CC=C1
ligand41,10.488914,9.486394,7.6988044,6.6744437,5.672205,4.1582046,6.4983125,3.2069192,4.304202,4.3686495,CCCc1ccc(cc1)C(=O)CC(=O)C(F)(F)F
ligand410,7.1247673,4.25003,4.783989,4.9743414,4.8343863,3.663658,5.8020577,2.2340677,5.5534215,4.1405125,CN(C)c1ccc(cc1)C(=O)CC(=O)C(F)(F)F
ligand411,6.8404965,5.025622,4.8227234,4.958084,4.732229,3.4820137,5.909748,2.9836862,4.8298106,3.8425412,CC(=O)CC(=O)CCN1C(=O)c2ccccc2C1=O
ligand412,12.849239,2.438675,5.5081043,4.6593504,0.48565382,5.985941,4.5783973,1.4647391,7.028016,8.768888,CCOc1cccc(c1)C(=O)CC(=O)C(F)(F)F
ligand413,6.3560333,5.483391,4.1693716,4.806076,6.23802,3.423713,7.016456,2.9556437,4.23625,3.3116405,COC(=O)C(=O)CC(=O)c1ccc(CC(C)C)cc1
ligand414,6.8600183,4.90332,4.858715,4.9689364,4.800421,3.523754,5.932532,2.9012115,4.9242473,3.909793,Cn1cc(cn1)C(=O)CC(=O)c1ccc(Cl)cc1
ligand415,7.7190886,6.7767153,4.621397,5.0068326,5.251281,3.5241597,6.1879807,3.320325,4.1795607,2.7638118,COc1ccc(cc1F)C(=O)CC(=O)C(F)(F)F
ligand416,14.929018,2.6394978,6.449965,4.6542835,1.5451126,5.879871,3.5477154,2.2140307,8.477111,7.8829856,COC(=O)C(=O)CC(=O)c1ccc2OCCOc2c1
ligand417,6.342291,5.520002,3.9896092,4.6294785,6.020318,3.338104,6.7393045,2.9568853,4.18998,3.0788887,CCOC(=O)C(=O)CC(=O)c1ccc2OCOc2c1
ligand418,7.754111,6.8867087,4.4287453,4.848158,5.1165257,3.486072,6.030838,3.4413579,4.0518193,2.5339828,CCOC(=O)C(=O)CC(=O)c1ccccc1OCC
ligand42,6.797457,6.0912495,3.3647566,3.8732371,4.7727733,3.161384,5.4746995,3.4885926,3.997588,2.0262873,CC(C)(C)C(=O)CC(=O)C1=CC=CC=C1
ligand420,15.165587,2.549181,6.4360423,4.5150747,1.4891307,5.891132,3.4214811,2.3083363,8.555415,7.8102283,CCOC(=O)C(=O)CC(=O)c1ccc(cc1)[N+]([O-])=O
ligand421,6.9845066,6.104645,3.2147057,3.7376232,4.8364744,3.128175,5.505239,3.2518902,3.8934183,1.9583565,FC(F)C(=O)CC(=O)c1cccc(c1)C(F)(F)F
ligand422,8.655556,5.4949837,5.744742,5.0714808,3.1895611,3.8175445,4.801635,2.8248723,4.557265,3.5964444,CCOC(=O)C(=O)C1CC(CCC1=O)C(F)(F)F
ligand423,7.1092114,6.392085,3.4801123,3.9087253,4.603053,3.1827407,5.3944407,3.4705513,3.8526015,1.9411602,COC(=O)C(=O)CC(=O)c1ccc(OC)c(OC)c1
ligand424,7.5879292,6.7682767,4.2048893,4.650514,5.129867,3.3677993,5.965555,3.418726,3.9619975,2.4353085,FC(F)C(=O)CC(=O)c1ccc(Cl)c(Cl)c1
ligand425,7.261796,6.4959283,3.5949907,3.9337935,4.3966312,3.174591,5.2258353,3.5502355,3.8577783,1.9848726,CCOC(=O)C(=O)CC(=O)c1cc(F)ccc1OC
ligand426,10.876349,9.441978,7.7417173,6.387019,5.700535,3.6923072,5.767741,3.5258055,4.6124873,4.098754,CC(C)C(=O)C1CN(CCC1=O)C(=O)OC(C)(C)C
ligand427,7.854181,7.052667,4.5542684,5.0626974,5.3261337,3.424484,6.135078,3.5173821,3.998593,2.6192143,CCOC(=O)C(=O)CC(=O)c1ccc2ccccc2c1
ligand428,13.013723,2.3081582,5.6480265,4.64641,0.8150242,5.8210483,4.6200747,1.6867168,7.388705,8.821459,CCOC(=O)C(=O)CC(=O)c1cccc2ccccc12
ligand429,11.579188,8.591539,8.466588,7.9218445,4.509686,4.6708536,6.362162,3.8897917,4.639967,4.437614,Cc1ccc(cc1)C(=O)CC1C(=O)CC(C)(C)CC1=O
ligand43,10.987504,11.311266,6.63072,6.961585,5.457742,4.042362,5.1812463,5.4589334,4.597409,3.1015542,C1=CC=C2C=C(C=CC2=C1)C(=O)CC(=O)C(F)(F)F
ligand430,14.316554,2.357223,6.059265,4.781628,1.4238962,5.865985,3.8486917,1.7835157,8.043431,8.045064,CCC(=O)C(CCC(F)(F)C(F)(F)F)C(=O)CC
ligand431,8.754841,5.685859,5.5598164,5.231387,3.3941958,3.8351002,4.9991794,2.92893,4.4018736,3.922552,CC(C)Oc1ccc(cc1)C(=O)CC(=O)C(F)(F)F
ligand432,8.756846,5.603019,5.599381,5.1511383,3.1772482,3.8086233,4.821499,3.086822,4.306218,3.766042,COC(=O)C(=O)CC(=O)c1cc(Cl)ccc1Cl
ligand433,8.61225,5.591056,5.5253453,5.125627,3.3670309,3.799306,4.936555,2.9509397,4.4362407,3.77999,COc1ccc(cc1OC)C(=O)CC(=O)C(F)(F)F
ligand434,8.916648,5.6124563,5.8273697,5.259475,3.1936553,3.8252177,4.931541,2.9010062,4.468838,3.6595063,COc1ccc(C(=O)CC(=O)C(F)(F)F)c(OC)c1
ligand435,7.1755815,4.529553,4.7910013,4.951281,5.1131167,3.6356661,5.9847665,2.271392,5.404492,3.956448,COc1cc(OC)cc(c1)C(=O)CC(=O)C(F)(F)F
ligand436,8.704176,5.4640036,5.794648,5.1179876,3.2390075,3.8515475,4.846035,2.834436,4.55119,3.6758912,CC(=O)CC(=O)c1ccc(OC(C)=O)c(OC(C)=O)c1
ligand437,6.4698596,5.7741294,3.9319108,4.72154,6.2027273,3.3647168,6.92464,3.0044396,4.124064,2.9709542,CCOC(=O)C(=O)CC(=O)c1cc(OC)ccc1OC
ligand438,8.296085,5.3238454,5.3684053,5.085653,4.0816813,3.8308837,5.4437456,2.6365337,4.7873807,3.8577223,FC(F)(F)C(=O)C1CCC\C(=C/c2ccccc2)C1=O
ligand439,13.388826,2.1873558,6.233597,4.5323353,1.1787846,5.5752864,4.093264,2.4345555,8.363488,8.870889,COC(=O)c1ccc(cc1)C(=O)CC(=O)c1ccccc1
ligand44,7.4472847,5.3303194,3.8480554,3.6889303,3.1724312,2.9864647,4.373475,3.6029253,4.0763764,2.6535811,CC(C)CC(=O)CC(=O)C
ligand440,12.923461,2.2606175,6.139825,4.4167657,1.1541617,5.605335,4.054482,2.4998584,8.037763,8.5309925,CC(C)(C)C1CCC(=O)C(C1)C(=O)C#Cc1ccccc1
ligand441,12.660418,2.2547429,5.264126,4.777236,0.21345097,5.9680634,4.6654963,1.4893494,6.750546,8.943872,FC(F)(F)C(=O)CC(=O)c1ccccc1C(F)(F)F
ligand442,6.3981576,5.697905,3.816418,4.541931,6.0316186,3.323661,6.7072453,2.9704654,4.152388,2.8465652,FC(F)(F)C(=O)CC(=O)c1ccc(Cl)cc1Cl
ligand443,13.008197,2.3459,5.4488,4.772176,0.58258444,5.9480104,4.5821743,1.523017,7.132941,8.757211,FC(F)(F)C(=O)CC(=O)c1cc(Cl)ccc1Cl
ligand444,8.512571,5.5852265,5.502243,5.191594,3.9468007,3.8338804,5.3779135,2.7406337,4.65686,3.796709,CCOC(=O)C(=O)CC(=O)c1ccccc1C(F)(F)F
ligand445,13.803593,2.2512424,6.269827,4.717509,1.4683087,5.6020594,4.0675416,2.1681893,8.455359,8.72228,CCOC(=O)C(=O)CC(=O)c1ccc(Cl)c(Cl)c1
ligand446,8.013774,4.9819155,4.4414845,4.00223,2.075224,3.4799695,3.9320512,3.6718788,4.2409687,3.1811163,CCOC(=O)C(=O)CC(=O)c1cc(Cl)ccc1Cl
ligand447,6.810562,5.7975807,3.9922218,4.079166,3.5495024,3.2779562,4.605422,3.581861,4.1117268,2.6368759,CCOC(=O)C(=O)CC(=O)c1ccc(OC)c(c1)C(C)C
ligand448,13.140299,2.2316487,6.0988035,4.498627,1.1753296,5.640417,4.0608635,2.3505824,8.048139,8.548592,COC(=O)C(=O)CC(=O)c1c(Cl)ccc(F)c1Cl
ligand449,6.7771482,5.99466,3.2177413,3.8396385,5.1272163,3.1603734,5.7551446,3.2212987,3.9653683,2.0552566,CC(C(=O)c1ccc(C)c(C)c1)C(=O)c1ccc(C)c(C)c1
ligand45,15.103371,2.4141726,6.700315,4.581872,2.2612925,6.025887,2.9799418,1.7453353,8.640124,7.442239,C1=CC(=CC=C1C(=O)CC(=O)C(F)(F)F)Cl
ligand450,13.400518,2.2870224,6.25981,4.6988864,1.4724811,5.316895,4.3248234,2.3840752,8.509563,9.117727,Cc1c(cnn1C)C(=O)C(Cl)C(=O)c1cnn(C)c1C
ligand451,8.024561,5.053408,4.44781,4.018493,2.166156,3.3982058,3.9483194,3.636339,4.160596,3.09723,CC(C)(C)OC(=O)N1CCC(=O)C(C1)C(=O)C(F)(F)F
ligand452,6.7238812,5.916255,3.2506921,3.951977,5.3979125,3.1889234,6.0040913,3.1210716,3.979907,2.1667545,CCOC(=O)C(=O)CC(=O)c1ccc(cc1)-c1ccccc1
ligand453,6.598501,5.963793,3.3842244,4.101221,5.5444627,3.250564,6.1671867,3.1605225,4.056308,2.2766874,CCOC(=O)C(=O)C1CCN(CC1=O)C(=O)OC(C)(C)C
ligand454,8.15803,5.124815,4.682032,4.2467213,2.2693002,3.5229645,4.1180315,3.5182226,4.250105,3.2633917,CCOC(=O)C(=O)CC(=O)c1c(Cl)ccc(F)c1Cl
ligand46,11.067208,11.195552,6.4036865,6.6150484,5.5487547,4.3213325,4.9888344,5.3026967,4.8102574,3.087919,CC(C)(C)OC(=O)N1CC(C(=O)c2ccc(F)cc2)C(=O)C1
ligand47,10.873694,9.737551,7.6800356,6.647174,5.606577,3.8127677,5.900359,3.2064722,4.503536,3.7622652,FC(F)(F)C(F)(F)C(=O)CC(=O)C(F)(F)C(F)(F)F
ligand48,7.186099,5.415194,3.9284654,3.8502488,3.4582198,3.1217155,4.602721,3.5275774,4.1302834,2.6705623,FC(F)(Br)C(=O)CC(=O)c1ccc(Cl)cc1
ligand49,11.086052,11.23818,6.028535,6.5120745,5.553817,4.3206763,5.208828,5.285725,4.7692566,3.4733908,Cc1ccc(cc1C)C(=O)C(Cl)C(=O)c1ccc(C)c(C)c1
ligand5,13.983029,2.2242997,6.073548,4.7645226,1.5560288,5.723438,4.050678,1.8327564,8.193757,8.311805,FC(F)(F)C(=O)CC(=O)c1ccc(OCc2ccccc2)cc1
ligand50,10.616301,9.561611,7.7550035,6.247479,5.8877816,3.595498,5.939733,3.0837772,4.4988995,4.0793686,CCC(C(=O)C)C(=O)C
ligand51,11.006471,11.06721,6.807255,6.8649735,5.4205723,4.142755,5.18084,5.218744,4.5879016,3.2390387,CCOC(=O)CC(C(=O)c1ccc(C)cc1)C(=O)c1ccc(C)cc1
ligand52,11.363217,10.924654,5.589416,6.152804,5.880474,4.76933,4.8627067,5.0432415,5.3017454,3.3479788,FC(F)(F)C(=O)CC(=O)C(F)(F)C(F)(F)C(F)(F)C(F)(F)F
ligand53,13.919407,2.2330832,6.399974,4.672519,1.6840155,5.60917,3.8939106,2.204348,8.549557,8.544149,FC(F)(F)C(=O)CC(=O)c1ccc(cc1)N(c1ccccc1)c1ccccc1
ligand54,9.406633,7.453523,6.5149407,5.7561145,4.761571,3.9187095,5.637208,2.4924498,4.7112193,4.3432155,CC(C)(C)c1ccc(cc1)N(c1ccc(cc1)C(=O)CC(=O)C(F)(F)F)c1ccc(cc1)C(C)(C)C
ligand55,11.204959,8.80604,7.875892,7.4687004,4.700991,4.5924635,6.115933,3.6473694,4.5781546,4.1074414,FC(F)(F)C(F)(F)C(F)(F)C(F)(F)C(F)(F)C(F)(F)C(F)(F)C(=O)CC(=O)C(F)(F)C(F)(F)C(F)(F)C(F)(F)C(F)(F)C(F)(F)C(F)(F)F
ligand56,10.375835,9.570562,7.378756,6.198271,5.6636095,3.708161,5.9340477,3.090068,4.564855,3.9950392,CC(=O)C(C=O)C(=O)C
ligand57,14.856917,2.6581159,6.519633,4.8267016,1.952164,5.9787283,3.5167508,1.6799035,8.467528,7.662224,CN(C)C(=O)CC(C)=O
ligand58,9.245955,7.0765305,6.311936,5.6859894,4.5522594,3.9837656,5.617125,2.4325898,4.751484,4.405911,CN1CCC(C(C)=O)C1=O
ligand59,11.752967,8.675889,8.311744,7.974772,4.426161,4.892311,6.4907174,3.5464559,4.427253,4.2445493,CCN(CC)C(=O)CC(C)=O
ligand6,13.598508,2.2552986,6.3563004,4.7098637,1.5413692,5.4147296,4.197283,2.34581,8.618229,8.99516,CC(=O)CC(=O)N1CCOCC1
ligand60,10.987499,11.4651985,6.6096087,7.0105114,5.399016,4.03382,5.1605153,5.6415014,4.5262012,3.0896704,CC(C)C(=O)CC(=O)C
ligand61,15.139832,2.0567596,6.2228355,4.535068,1.6393698,5.9225526,3.2234404,1.9771111,8.317651,7.5854917,CN(C(=O)CC(C)=O)c1ccccc1
ligand62,11.656428,8.737726,8.37384,7.8841577,4.4460216,4.770573,6.546988,3.6308026,4.3685374,4.200531,COC(=O)C1CCN(CC1)C(=O)CC(C)=O
ligand63,10.469334,9.683173,7.382566,6.4678445,5.731394,3.7587698,5.7679353,2.871871,4.3683105,3.7392294,CN(Cc1cccc(Cl)c1)C(=O)CC(C)=O
ligand64,13.685138,2.2549613,6.4037595,4.7068586,1.6209302,5.452178,4.1015797,2.3369591,8.641031,8.885355,CN(Cc1ccccc1Cl)C(=O)CC(C)=O
ligand65,7.1221595,4.7212124,4.7505474,4.5794835,5.670502,3.632282,6.5551333,2.3590415,5.3152556,3.43612,CCOC(=O)C1CCN(CC1)C(=O)CC(C)=O
ligand66,10.4545355,9.7659025,7.5777364,6.318022,5.8891907,3.685892,6.0081635,2.8811157,4.404073,3.9489682,CC(=O)CC(=O)N1CCn2c(C1)nnc2C(F)(F)F
ligand67,7.088585,6.1593685,3.3596587,3.807877,4.6718464,3.1222324,5.4030457,3.3329728,3.8971272,2.0241814,Fc1cc(F)c(CC(=O)CC(=O)N2CCn3c(C2)nnc3C(F)(F)F)cc1F
ligand68,12.875461,2.230163,6.093344,4.3910813,1.1461568,5.563442,4.0810914,2.5239544,8.019997,8.560295,CN(C)C(=O)CC(=O)N(C)C
ligand69,9.046263,6.7861924,6.178435,5.5577807,4.540256,3.8736193,5.632225,2.5061352,4.691416,4.2376027,CCN(CC)C(=O)CC(=O)N(CC)CC
ligand7,8.830587,5.660924,5.6503325,5.2465606,3.3663561,3.8363945,5.0043406,2.9438624,4.397777,3.8846698,O=C(CC(=O)N1CCOCC1)N1CCOCC1
ligand70,11.770656,8.613228,8.544718,8.0554695,4.5251675,4.6896276,6.4626327,3.8989859,4.5573564,4.4258375,CC(=O)CC(=O)C1=CC=C(C=C1)OC
ligand71,13.458405,2.17436,6.3521457,4.478489,1.2518427,5.592635,3.9812794,2.5065973,8.461809,8.77564,CCCCN(C)C(=O)CC(=O)N(C)CCCC
ligand73,9.256965,7.284599,6.4021688,5.641113,4.7413087,3.856671,5.6217585,2.510599,4.6815934,4.2502184,CCCN(CCC)C(=O)CC(=O)N(CCC)CCC
ligand74,9.365896,6.282324,6.1593947,5.8305125,3.8188753,4.340402,5.393374,2.0561297,4.9015727,4.7525406,O=C(CC(=O)N1CCc2ccccc12)N1CCc2ccccc12
ligand75,7.3193326,4.6057634,4.7621846,4.686786,5.290118,3.6890972,6.136581,2.2935903,5.239278,3.6711757,CCCCN(CCCC)C(=O)CC(=O)N(CCCC)CCCC
ligand76,10.422819,9.66532,7.6624494,6.4224524,5.9240146,3.8686213,6.2960854,2.9868436,4.3046017,4.2066655,COCCN(CCOC)C(=O)CC(=O)N(CCOC)CCOC
ligand77,10.931971,10.601796,6.528133,6.4720554,5.6438737,4.200463,5.347313,4.5767136,4.7252126,3.5831063,CCCCCN(CCCCC)C(=O)CC(=O)N(CCCCC)CCCCC
ligand78,15.232936,2.3473573,6.492624,4.5888395,2.079486,6.0102043,3.1540532,1.6860669,8.60747,7.445245,CC(=O)C(C(=O)N(C)C)Cl
ligand79,11.579688,9.007937,8.037132,7.5135217,4.803592,4.6523156,6.041853,3.6661203,4.586695,4.0911727,CC(=O)CC(=O)N(CC1=CC=CC=C1)C2=CC=CC=C2
ligand8,6.6721845,6.207413,3.7704284,4.1896453,4.390956,3.2237115,5.431778,3.830215,3.9367156,2.2642462,CCN(C1=CC=CC=C1)C(=O)CC(=O)C
ligand80,7.182916,4.86034,4.8017454,4.826799,5.441358,3.6401074,6.388123,2.4135125,5.2450237,3.6086032,CC(=O)CC(=O)N(C)CC1=CC=CC=C1
ligand81,12.775108,2.3906755,5.4648995,4.712533,0.41748446,6.02008,4.668019,1.4005597,6.921001,8.854466,C1=CC(=CC=C1C(=O)CC(=O)C(F)(F)F)F
ligand82,7.097259,4.5627885,4.8443003,4.782833,5.4062285,3.641652,6.383834,2.3384197,5.450017,3.7402418,CCN(CC)C(=O)C1CN2CCC3=CC(=C(C=C3C2CC1=O)OC)OC
ligand83,14.885041,2.558205,6.6431966,4.5993075,1.7586802,5.9206686,3.3034766,2.2330072,8.5218115,7.8426247,CCOC(=O)N(C)C(=O)CC(=O)C
ligand84,11.82278,8.664504,8.421612,8.044484,4.4196,4.8797383,6.549047,3.6648195,4.415183,4.2701445,CCN(CC)C(=O)C1C(=O)C=C(CC1(C)C)C
ligand85,9.094223,6.816163,6.211668,5.57577,4.5078497,3.885895,5.598673,2.4909868,4.691372,4.255305,CCCCCCCCCCCCCCCC(=O)CC(=O)N(C)C1=CC=CC=C1
ligand86,9.383772,6.068439,6.0628777,5.859009,3.6046479,4.418572,5.379131,1.9982185,4.9482017,4.708662,CN(C1=CC=C(C=C1)Cl)C(=O)CC(=O)C2=CC=CC=C2
ligand87,11.031145,11.252673,6.7476325,7.0169334,5.371316,4.1116433,5.08501,5.4982533,4.527303,3.019691,CC(C)CN(CC(C)C)C(=O)CC(=O)N(CC(C)C)CC(C)C
ligand88,15.116548,2.34957,6.3604097,4.5732517,1.776181,5.9704337,3.3042698,1.8603903,8.453239,7.552602,C1=CC=C(C=C1)CN(CC2=CC=CC=C2)C(=O)CC(=O)N(CC3=CC=CC=C3)CC4=CC=CC=C4
ligand89,13.070376,2.3736537,5.4513927,4.8082395,0.47630244,5.9756804,4.4502654,1.5653396,7.0906796,8.724419,CC(=O)CC(=O)C1CC1
ligand9,13.603586,2.2868595,6.0278993,4.663005,1.1122116,5.743826,4.090398,2.036965,7.940577,8.567137,CC(=O)C1C(=O)C2=CC=CC=C2S(=O)(=O)N1CC#N
ligand90,11.033959,11.161875,6.828854,6.966662,5.3581815,4.123292,5.123618,5.370788,4.53304,3.1273985,CC(=O)CC(=O)C1=CC=C(C=C1)Cl
ligand91,7.1091304,4.825684,4.557237,4.6608033,5.820662,3.6526442,6.539298,2.3287754,5.051007,3.477567,CC(C)CC(=O)CC(=O)CC(C)C
ligand92,7.2050924,4.6594477,4.854462,4.9114466,5.199002,3.677785,6.15714,2.350608,5.3287826,3.858802,CCC(C)(CC)C(=O)CC(=O)C(C)(CC)CC
ligand93,6.662588,5.88499,4.3807983,5.0266147,6.003299,3.4406962,6.8762426,3.0074093,4.2462187,3.21382,CC(=O)C1CCC2=CC=CC=C2C1=O
ligand94,9.185689,6.169228,6.0634403,5.6726036,3.9508314,4.193818,5.449675,2.2054863,4.774239,4.6013737,CC(=O)CC(=O)C(=O)OC
ligand95,15.199447,2.4733264,6.312059,4.610103,1.7669566,5.9811397,3.4866931,1.7582935,8.570002,7.576265,COC1=C(C=CC2=C1C=CO2)C(=O)CC(=O)C3=CC=CC=C3
ligand96,11.664943,8.610196,8.459267,7.965771,4.5033817,4.710802,6.4258304,3.8015509,4.551778,4.381716,CC1=CC=C(C=C1)C(=O)CC(=O)C
ligand97,6.937612,4.953271,4.3986773,4.3608847,5.0229244,3.4646957,5.852433,2.7866304,4.789197,3.1557586,CC(=O)C(C1=CC=CC=C1)C(=O)C
ligand98,11.041319,10.739788,6.0804977,6.328055,5.5749555,4.308696,5.175593,4.748885,4.8808985,3.6466956,CCOC(=O)C(=O)CC(=O)C1CC1
ligand99,10.5291605,9.015669,7.898947,5.9992127,5.9330072,3.4589145,5.8921885,3.1114717,4.5485163,4.4040575,C1=CSC(=C1)C(=O)CC(=O)C2=CC=CS2